{
  "n_routes": 117,
  "total_km": 9336.964391480205,
  "startup_cost": 28000.0,
  "energy_cost": 25249.140749998398,
  "penalty_cost": 746.3482814485477,
  "by_vtype": {
    "E-3000": 10,
    "F-3000": 107
  },
  "total_cost": 53995.489031446945
}