{
  "n_routes": 117,
  "total_km": 9302.848482850579,
  "startup_cost": 28000.0,
  "energy_cost": 25169.84476819781,
  "penalty_cost": 602.5865959925958,
  "by_vtype": {
    "E-3000": 10,
    "F-3000": 107
  },
  "total_cost": 53772.43136419041
}