{
  "mean_cost": 72970.97336074783,
  "std_cost": 94.00210575125766,
  "p5_cost": 72797.66909281022,
  "p95_cost": 73100.47383466698,
  "mean_late": 27.86
}