{
  "total_cost": {
    "q1": 53772.43136419041,
    "q2": 53995.489031446945,
    "delta": 223.05766725653666
  },
  "dist": {
    "q1": 9302.848482850579,
    "q2": 9336.964391480205,
    "delta": 34.115908629626574
  },
  "penalty": {
    "q1": 602.5865959925958,
    "q2": 746.3482814485477,
    "delta": 143.76168545595192
  }
}